"Date",Time,Air_Quality(PPM),Humidit,Temperature(C),Temperature(F),Heat_Index(C),Heat_Index(F)
16/11/2023,11:30,150.27,54.10,25.40,77.72,25.41,77.73
16/11/2023,11:31,142.97,56.50,25.50,77.90,25.58,78.05
16/11/2023,11:32,139.42,57.40,25.50,77.90,25.60,78.09
16/11/2023,11:33,135.94,56.60,25.50,77.90,25.58,78.05
16/11/2023,11:34,139.42,57.40,25.50,77.90,25.60,78.09
16/11/2023,11:35,113.27,58.30,25.50,77.90,25.63,78.13
16/11/2023,11:36,154.02,57.20,25.50,77.90,25.60,78.08
16/11/2023,11:37,139.42,57.90,25.40,77.72,25.51,77.91
16/11/2023,11:38,135.94,57.90,25.20,77.36,25.29,77.52
16/11/2023,11:39,132.51,58.40,25.00,77.00,25.08,77.14
16/11/2023,11:40,129.15,58.20,24.90,76.82,24.96,76.94
16/11/2023,11:41,129.15,57.60,24.80,76.64,24.84,76.71
16/11/2023,11:42,129.15,57.50,24.80,76.64,24.84,76.71
16/11/2023,11:43,132.51,57.70,24.80,76.64,24.84,76.72
16/11/2023,11:44,129.15,57.90,24.70,76.46,24.74,76.53
16/11/2023,11:45,122.62,57.50,24.70,76.46,24.73,76.51
16/11/2023,11:46,119.44,57.20,24.70,76.46,24.72,76.49
16/11/2023,11:47,113.27,56.50,24.60,76.28,24.59,76.26
16/11/2023,11:48,116.33,55.80,24.60,76.28,24.57,76.23
16/11/2023,11:49,119.44,56.10,24.60,76.28,24.58,76.24
16/11/2023,11:50,119.44,56.80,24.60,76.28,24.60,76.28
16/11/2023,11:51,116.33,57.00,24.60,76.28,24.60,76.29
16/11/2023,11:52,116.33,57.00,24.70,76.46,24.71,76.48
16/11/2023,11:53,113.27,56.90,24.70,76.46,24.71,76.48
16/11/2023,11:54,107.33,56.10,24.70,76.46,24.69,76.44
16/11/2023,11:55,104.45,55.50,24.70,76.46,24.67,76.41
16/11/2023,11:56,96.13,55.60,24.70,76.46,24.68,76.42
16/11/2023,11:57,93.47,54.20,24.60,76.28,24.53,76.16
16/11/2023,11:58,93.47,53.40,24.60,76.28,24.51,76.12
16/11/2023,11:59,93.47,53.40,24.50,76.10,24.40,75.92
16/11/2023,11:60,96.13,53.50,24.50,76.10,24.40,75.92
16/11/2023,12:00,122.62,53.20,24.60,76.28,24.50,76.11
16/11/2023,12:01,132.51,53.40,24.60,76.28,24.51,76.12
16/11/2023,12:02,122.62,53.40,24.70,76.46,24.62,76.32
16/11/2023,12:03,104.45,53.50,24.60,76.28,24.51,76.12
16/11/2023,12:04,110.27,53.40,24.70,76.46,24.62,76.32
16/11/2023,12:05,110.27,53.50,24.70,76.46,24.62,76.32
16/11/2023,12:06,113.27,53.50,24.70,76.46,24.62,76.32
16/11/2023,12:07,113.27,53.80,24.70,76.46,24.63,76.33
16/11/2023,12:08,116.33,53.80,24.70,76.46,24.63,76.33
16/11/2023,12:09,119.44,54.20,24.70,76.46,24.64,76.35
16/11/2023,12:10,119.44,54.50,24.70,76.46,24.65,76.37
16/11/2023,12:11,119.44,54.90,24.70,76.46,24.66,76.39
16/11/2023,12:12,119.44,55.00,24.70,76.46,24.66,76.39
16/11/2023,12:13,122.62,55.10,24.70,76.46,24.66,76.40
16/11/2023,12:14,125.86,55.40,24.70,76.46,24.67,76.41
16/11/2023,12:15,125.86,55.70,24.70,76.46,24.68,76.42
16/11/2023,12:16,125.86,55.50,24.70,76.46,24.67,76.41
16/11/2023,12:17,129.15,55.70,24.70,76.46,24.68,76.42
16/11/2023,12:18,129.15,55.60,24.70,76.46,24.68,76.42
16/11/2023,12:19,132.51,55.40,24.70,76.46,24.67,76.41
16/11/2023,12:20,132.51,55.60,24.70,76.46,24.68,76.42
16/11/2023,12:21,132.51,55.40,24.70,76.46,24.67,76.41
16/11/2023,12:22,129.15,55.10,24.70,76.46,24.66,76.40
16/11/2023,12:23,135.94,55.30,24.70,76.46,24.67,76.41
16/11/2023,12:24,139.42,55.20,24.70,76.46,24.67,76.40
16/11/2023,12:25,146.59,55.60,24.70,76.46,24.68,76.42
16/11/2023,12:26,142.97,55.60,24.70,76.46,24.68,76.42
16/11/2023,12:27,173.80,53.60,24.70,76.46,24.62,76.33
16/11/2023,12:28,182.21,52.30,24.50,76.10,24.37,75.87
16/11/2023,12:29,199.93,52.00,24.60,76.28,24.47,76.05
16/11/2023,12:30,195.38,51.80,24.50,76.10,24.36,75.84
16/11/2023,12:31,199.93,50.60,24.50,76.10,24.33,75.79
16/11/2023,12:32,204.55,49.50,24.50,76.10,24.30,75.74
16/11/2023,12:33,209.25,49.40,24.50,76.10,24.30,75.73
16/11/2023,12:34,214.02,49.10,24.50,76.10,24.29,75.72
16/11/2023,12:35,218.88,49.20,24.50,76.10,24.29,75.72
16/11/2023,12:36,228.84,49.40,24.50,76.10,24.30,75.73
16/11/2023,12:37,228.84,50.20,24.50,76.10,24.32,75.77
16/11/2023,12:38,249.77,50.30,24.50,76.10,24.32,75.77
16/11/2023,12:39,308.32,50.40,24.60,76.28,24.43,75.98
16/11/2023,12:40,327.74,50.70,24.50,76.10,24.33,75.79
16/11/2023,12:41,518.51,50.80,24.60,76.28,24.44,76.00
16/11/2023,12:42,302.05,51.00,24.60,76.28,24.45,76.01
16/11/2023,12:43,289.78,51.20,24.60,76.28,24.45,76.01
16/11/2023,12:44,314.70,51.10,24.60,76.28,24.45,76.01
16/11/2023,12:45,327.74,51.10,24.60,76.28,24.45,76.01
16/11/2023,12:46,321.17,51.20,24.60,76.28,24.45,76.01
16/11/2023,12:47,327.74,51.30,24.60,76.28,24.45,76.02
16/11/2023,12:48,321.17,51.70,24.60,76.28,24.47,76.04
16/11/2023,12:49,348.07,52.00,24.60,76.28,24.47,76.05
16/11/2023,12:50,391.58,52.10,24.60,76.28,24.48,76.06
16/11/2023,12:51,439.10,52.30,24.60,76.28,24.48,76.07
16/11/2023,12:52,447.43,52.50,24.60,76.28,24.49,76.08
16/11/2023,12:53,455.88,52.80,24.60,76.28,24.49,76.09
16/11/2023,12:54,473.14,52.90,24.60,76.28,24.50,76.09
16/11/2023,12:55,439.10,53.00,24.60,76.28,24.50,76.10
16/11/2023,12:56,481.96,53.10,24.60,76.28,24.50,76.10
16/11/2023,12:57,481.96,53.30,24.60,76.28,24.51,76.11
16/11/2023,12:58,490.91,53.50,24.60,76.28,24.51,76.12
16/11/2023,12:59,490.91,53.70,24.70,76.46,24.63,76.33
16/11/2023,12:60,399.21,53.90,24.70,76.46,24.63,76.34
16/11/2023,13:00,481.96,54.10,24.70,76.46,24.64,76.35
16/11/2023,13:01,447.43,54.40,24.60,76.28,24.54,76.16
16/11/2023,13:02,376.64,54.60,24.70,76.46,24.65,76.37
16/11/2023,13:03,391.58,54.70,24.70,76.46,24.65,76.38
16/11/2023,13:04,391.58,54.80,24.70,76.46,24.66,76.38
16/11/2023,13:05,384.05,54.90,24.60,76.28,24.55,76.19
16/11/2023,13:06,355.05,55.10,24.70,76.46,24.66,76.40
16/11/2023,13:07,384.05,55.40,24.70,76.46,24.67,76.41
16/11/2023,13:08,391.58,55.50,24.70,76.46,24.67,76.41
16/11/2023,13:09,391.58,55.70,24.70,76.46,24.68,76.42
16/11/2023,13:55,439.10,61.10,24.70,76.46,24.82,76.68
16/11/2023,13:56,439.10,61.20,24.60,76.28,24.71,76.48
16/11/2023,13:57,447.43,61.30,24.60,76.28,24.72,76.49
16/11/2023,13:58,464.45,61.40,24.70,76.46,24.83,76.69
16/11/2023,13:59,464.45,61.50,24.70,76.46,24.83,76.70
16/11/2023,13:60,455.88,61.60,24.70,76.46,24.83,76.70
16/11/2023,14:00,464.45,61.60,24.70,76.46,24.83,76.70
16/11/2023,14:01,455.88,61.70,24.70,76.46,24.84,76.71
16/11/2023,14:02,455.88,61.80,24.60,76.28,24.73,76.51
16/11/2023,14:03,439.10,61.80,24.60,76.28,24.73,76.51
16/11/2023,14:04,464.45,61.80,24.70,76.46,24.84,76.71
16/11/2023,14:05,464.45,61.90,24.70,76.46,24.84,76.72
16/11/2023,14:06,473.14,62.00,24.70,76.46,24.84,76.72
16/11/2023,14:07,481.96,62.00,24.70,76.46,24.84,76.72
16/11/2023,14:08,473.14,62.00,24.70,76.46,24.84,76.72
16/11/2023,14:09,473.14,62.00,24.60,76.28,24.73,76.52
16/11/2023,14:10,473.14,62.10,24.70,76.46,24.85,76.72
16/11/2023,14:21,490.91,62.40,24.70,76.46,24.85,76.74
16/11/2023,14:22,509.18,62.40,24.70,76.46,24.85,76.74
16/11/2023,14:23,527.97,62.50,24.70,76.46,24.86,76.74
16/11/2023,14:24,567.15,62.60,24.70,76.46,24.86,76.75
16/11/2023,14:25,557.15,62.60,24.70,76.46,24.86,76.75
16/11/2023,14:26,597.99,62.60,24.70,76.46,24.86,76.75
16/11/2023,14:27,608.56,62.70,24.70,76.46,24.86,76.75
16/11/2023,14:28,481.96,62.70,24.70,76.46,24.86,76.75
16/11/2023,14:29,490.91,62.80,24.70,76.46,24.87,76.76
16/11/2023,14:30,499.98,62.70,24.70,76.46,24.86,76.75
16/11/2023,14:31,509.18,62.70,24.70,76.46,24.86,76.75
16/11/2023,14:32,518.51,62.70,24.70,76.46,24.86,76.75
16/11/2023,14:33,518.51,62.70,24.70,76.46,24.86,76.75
16/11/2023,14:34,527.97,62.70,24.70,76.46,24.86,76.75
16/11/2023,14:35,509.18,62.60,24.70,76.46,24.86,76.75
16/11/2023,14:36,557.15,62.60,24.60,76.28,24.75,76.55
16/11/2023,14:46,422.79,62.10,24.70,76.46,24.85,76.72
16/11/2023,14:47,414.82,61.90,24.70,76.46,24.84,76.72
16/11/2023,14:48,406.96,61.10,24.70,76.46,24.82,76.68
16/11/2023,14:49,422.79,60.90,24.70,76.46,24.82,76.67
16/11/2023,14:50,422.79,60.80,24.70,76.46,24.81,76.66
16/11/2023,14:51,391.58,60.70,24.70,76.46,24.81,76.66
16/11/2023,14:52,406.96,60.50,24.60,76.28,24.70,76.45
16/11/2023,14:53,414.82,60.30,24.60,76.28,24.69,76.44
16/11/2023,14:54,422.79,60.30,24.60,76.28,24.69,76.44
16/11/2023,14:55,422.79,60.40,24.70,76.46,24.80,76.64
16/11/2023,14:56,422.79,60.40,24.70,76.46,24.80,76.64
16/11/2023,14:57,414.82,60.40,24.60,76.28,24.69,76.45
16/11/2023,14:58,422.79,60.50,24.60,76.28,24.70,76.45
16/11/2023,14:59,422.79,60.50,24.60,76.28,24.70,76.45
16/11/2023,14:60,406.96,60.50,24.60,76.28,24.70,76.45
16/11/2023,15:00,414.82,60.60,24.60,76.28,24.70,76.46
16/11/2023,15:01,376.64,60.60,24.60,76.28,24.70,76.46
16/11/2023,15:02,414.82,60.60,24.60,76.28,24.70,76.46
16/11/2023,15:03,399.21,60.60,24.60,76.28,24.70,76.46
16/11/2023,15:04,406.96,60.60,24.60,76.28,24.70,76.46
16/11/2023,15:05,406.96,60.60,24.60,76.28,24.70,76.46
16/11/2023,15:06,414.82,60.70,24.60,76.28,24.70,76.46
16/11/2023,15:07,406.96,60.70,24.60,76.28,24.70,76.46
16/11/2023,15:08,414.82,60.70,24.60,76.28,24.70,76.46
16/11/2023,15:09,422.79,60.70,24.60,76.28,24.70,76.46
16/11/2023,15:10,430.89,60.80,24.60,76.28,24.70,76.47
16/11/2023,15:11,439.10,60.80,24.60,76.28,24.70,76.47
16/11/2023,15:12,447.43,60.80,24.60,76.28,24.70,76.47
16/11/2023,15:13,455.88,60.90,24.60,76.28,24.71,76.47
16/11/2023,15:14,464.45,60.80,24.60,76.28,24.70,76.47
16/11/2023,15:15,481.96,60.80,24.60,76.28,24.70,76.47
16/11/2023,15:16,490.91,60.80,24.60,76.28,24.70,76.47
16/11/2023,15:17,509.18,60.80,24.60,76.28,24.70,76.47
16/11/2023,15:18,518.51,60.80,24.60,76.28,24.70,76.47
16/11/2023,15:19,537.56,60.80,24.60,76.28,24.70,76.47
16/11/2023,15:20,547.29,60.80,24.60,76.28,24.70,76.47
16/11/2023,15:21,577.29,60.70,24.60,76.28,24.70,76.46
16/11/2023,15:49,894.65,60.30,24.60,76.28,24.69,76.44
16/11/2023,15:50,909.14,60.30,24.60,76.28,24.69,76.44
16/11/2023,15:51,923.81,60.20,24.60,76.28,24.69,76.44
16/11/2023,15:52,909.14,60.30,24.60,76.28,24.69,76.44
16/11/2023,15:53,923.81,60.30,24.60,76.28,24.69,76.44
16/11/2023,15:54,923.81,60.50,24.60,76.28,24.70,76.45
16/11/2023,15:55,938.67,60.50,24.60,76.28,24.70,76.45
16/11/2023,15:56,923.81,60.60,24.60,76.28,24.70,76.46
16/11/2023,15:57,968.95,60.60,24.60,76.28,24.70,76.46
16/11/2023,15:58,984.39,60.60,24.60,76.28,24.70,76.46
16/11/2023,15:59,1015.84,60.60,24.60,76.28,24.70,76.46
16/11/2023,15:60,1031.87,60.70,24.60,76.28,24.70,76.46
16/11/2023,16:00,1048.09,60.70,24.60,76.28,24.70,76.46
16/11/2023,16:01,1064.52,60.70,24.60,76.28,24.70,76.46
16/11/2023,16:02,1064.52,60.70,24.60,76.28,24.70,76.46
16/11/2023,16:03,1064.52,60.70,24.60,76.28,24.70,76.46
16/11/2023,16:04,1081.16,60.70,24.60,76.28,24.70,76.46
16/11/2023,16:05,1098.00,60.70,24.60,76.28,24.70,76.46
16/11/2023,16:06,1132.33,60.70,24.60,76.28,24.70,76.46
16/11/2023,16:07,1203.56,60.60,24.60,76.28,24.70,76.46
16/11/2023,16:08,1203.56,60.60,24.60,76.28,24.70,76.46
16/11/2023,16:09,1221.92,60.70,24.60,76.28,24.70,76.46
16/11/2023,16:10,1221.92,60.60,24.60,76.28,24.70,76.46
16/11/2023,16:11,1221.92,60.60,24.60,76.28,24.70,76.46
16/11/2023,16:12,1240.50,60.60,24.60,76.28,24.70,76.46
16/11/2023,16:25,1439.29,60.40,24.60,76.28,24.69,76.45
16/11/2023,16:26,1547.98,60.40,24.60,76.28,24.69,76.45
16/11/2023,16:27,1418.31,60.30,24.60,76.28,24.69,76.44
16/11/2023,16:28,1356.89,60.30,24.60,76.28,24.69,76.44
16/11/2023,16:29,1481.99,60.30,24.60,76.28,24.69,76.44
16/11/2023,16:30,1259.32,60.30,24.60,76.28,24.69,76.44
16/11/2023,16:31,1221.92,60.20,24.60,76.28,24.69,76.44
16/11/2023,16:32,1297.64,60.20,24.60,76.28,24.69,76.44
16/11/2023,16:33,1418.31,60.30,24.50,76.10,24.58,76.24
16/11/2023,16:34,1377.12,60.10,24.60,76.28,24.68,76.43
16/11/2023,16:35,1098.00,60.10,24.60,76.28,24.68,76.43
16/11/2023,16:36,1081.16,60.20,24.50,76.10,24.58,76.24
16/11/2023,16:37,1098.00,60.20,24.50,76.10,24.58,76.24
16/11/2023,16:38,1115.06,60.10,24.50,76.10,24.57,76.23
16/11/2023,16:39,1132.33,60.10,24.50,76.10,24.57,76.23
16/11/2023,16:40,1167.50,60.00,24.60,76.28,24.68,76.43
16/11/2023,16:41,1203.56,60.10,24.50,76.10,24.57,76.23
16/11/2023,16:42,1221.92,60.10,24.50,76.10,24.57,76.23
16/11/2023,16:43,1278.36,60.10,24.50,76.10,24.57,76.23
16/11/2023,16:44,1221.92,60.00,24.50,76.10,24.57,76.23
16/11/2023,16:45,953.71,60.00,24.50,76.10,24.57,76.23
16/11/2023,16:46,938.67,59.90,24.60,76.28,24.68,76.42
16/11/2023,16:47,984.39,59.90,24.60,76.28,24.68,76.42
16/11/2023,17:32,852.29,57.20,24.50,76.10,24.50,76.10
16/11/2023,17:33,938.67,57.10,24.50,76.10,24.50,76.09
16/11/2023,17:34,953.71,57.50,24.50,76.10,24.51,76.11
16/11/2023,17:35,909.14,57.80,24.50,76.10,24.51,76.13
16/11/2023,17:36,880.35,57.80,24.50,76.10,24.51,76.13
16/11/2023,17:37,923.81,58.00,24.50,76.10,24.52,76.14
16/11/2023,17:38,923.81,58.00,24.50,76.10,24.52,76.14
16/11/2023,17:39,984.39,58.00,24.50,76.10,24.52,76.14
16/11/2023,17:40,866.23,58.10,24.50,76.10,24.52,76.14
16/11/2023,17:41,838.53,58.10,24.50,76.10,24.52,76.14
16/11/2023,17:42,838.53,58.10,24.50,76.10,24.52,76.14
16/11/2023,17:43,866.23,58.10,24.50,76.10,24.52,76.14
16/11/2023,17:44,866.23,58.10,24.50,76.10,24.52,76.14
16/11/2023,17:45,811.53,58.00,24.50,76.10,24.52,76.14
16/11/2023,17:46,759.60,58.10,24.50,76.10,24.52,76.14
16/11/2023,17:47,747.03,58.00,24.50,76.10,24.52,76.14
16/11/2023,17:48,747.03,58.00,24.50,76.10,24.52,76.14
16/11/2023,17:49,759.60,58.00,24.50,76.10,24.52,76.14
16/11/2023,17:50,785.23,58.00,24.50,76.10,24.52,76.14
16/11/2023,17:51,759.60,58.10,24.50,76.10,24.52,76.14
16/11/2023,17:52,734.63,58.10,24.50,76.10,24.52,76.14
16/11/2023,17:53,734.63,58.10,24.50,76.10,24.52,76.14
16/11/2023,17:54,747.03,58.10,24.50,76.10,24.52,76.14
16/11/2023,17:55,772.33,58.10,24.50,76.10,24.52,76.14
16/11/2023,17:56,759.60,58.10,24.50,76.10,24.52,76.14
16/11/2023,17:57,772.33,58.10,24.50,76.10,24.52,76.14
16/11/2023,17:58,811.53,58.10,24.50,76.10,24.52,76.14
16/11/2023,17:59,894.65,58.10,24.50,76.10,24.52,76.14
16/11/2023,17:60,894.65,58.10,24.50,76.10,24.52,76.14
16/11/2023,18:00,880.35,58.10,24.50,76.10,24.52,76.14
16/11/2023,18:01,852.29,58.00,24.60,76.28,24.63,76.33
16/11/2023,18:02,824.94,58.10,24.60,76.28,24.63,76.34
16/11/2023,18:03,759.60,58.20,24.50,76.10,24.52,76.15
16/11/2023,18:04,473.14,58.20,24.50,76.10,24.52,76.15
16/11/2023,18:05,391.58,58.20,24.50,76.10,24.52,76.15
16/11/2023,18:06,369.34,58.20,24.50,76.10,24.52,76.15
16/11/2023,18:07,355.05,58.20,24.50,76.10,24.52,76.15
16/11/2023,18:08,348.07,58.30,24.50,76.10,24.53,76.15
16/11/2023,18:09,348.07,58.30,24.50,76.10,24.53,76.15
16/11/2023,18:10,341.19,58.20,24.50,76.10,24.52,76.15
16/11/2023,18:11,334.42,58.30,24.50,76.10,24.53,76.15
16/11/2023,18:12,334.42,58.30,24.50,76.10,24.53,76.15
16/11/2023,18:13,334.42,58.30,24.50,76.10,24.53,76.15
16/11/2023,18:14,334.42,58.30,24.50,76.10,24.53,76.15
16/11/2023,18:15,334.42,58.50,24.50,76.10,24.53,76.16
16/11/2023,18:16,334.42,58.30,24.50,76.10,24.53,76.15
16/11/2023,18:17,334.42,58.40,24.50,76.10,24.53,76.15
16/11/2023,18:18,334.42,58.40,24.50,76.10,24.53,76.15
16/11/2023,18:19,334.42,58.40,24.50,76.10,24.53,76.15
16/11/2023,18:20,334.42,58.40,24.50,76.10,24.53,76.15
16/11/2023,18:21,341.19,58.50,24.50,76.10,24.53,76.16
16/11/2023,18:22,341.19,58.50,24.60,76.28,24.64,76.36
16/11/2023,18:23,341.19,58.40,24.60,76.28,24.64,76.35
16/11/2023,18:24,348.07,58.50,24.60,76.28,24.64,76.36
16/11/2023,18:25,348.07,58.50,24.60,76.28,24.64,76.36
16/11/2023,18:26,348.07,58.50,24.60,76.28,24.64,76.36
16/11/2023,18:27,355.05,58.50,24.60,76.28,24.64,76.36
16/11/2023,18:28,355.05,58.50,24.60,76.28,24.64,76.36
16/11/2023,18:29,362.14,58.60,24.60,76.28,24.65,76.36
16/11/2023,18:30,362.14,58.60,24.60,76.28,24.65,76.36
16/11/2023,18:31,362.14,58.60,24.60,76.28,24.65,76.36
16/11/2023,18:32,362.14,58.70,24.60,76.28,24.65,76.37
16/11/2023,18:33,369.34,58.60,24.60,76.28,24.65,76.36
16/11/2023,18:34,369.34,58.60,24.60,76.28,24.65,76.36
16/11/2023,18:35,376.64,58.60,24.60,76.28,24.65,76.36
16/11/2023,18:36,384.05,58.70,24.60,76.28,24.65,76.37
16/11/2023,18:37,384.05,58.60,24.60,76.28,24.65,76.36
16/11/2023,18:38,384.05,58.60,24.60,76.28,24.65,76.36
16/11/2023,18:39,384.05,58.60,24.60,76.28,24.65,76.36
16/11/2023,18:40,399.21,58.60,24.60,76.28,24.65,76.36
16/11/2023,18:41,406.96,58.70,24.60,76.28,24.65,76.37
16/11/2023,18:42,414.82,58.80,24.60,76.28,24.65,76.37
16/11/2023,18:43,169.70,58.80,24.60,76.28,24.65,76.37
16/11/2023,18:44,157.84,59.40,24.70,76.46,24.78,76.60
16/11/2023,18:45,146.59,58.60,24.80,76.64,24.87,76.76
16/11/2023,18:46,139.42,58.50,24.80,76.64,24.86,76.75
16/11/2023,18:47,139.42,58.60,24.80,76.64,24.87,76.76
16/11/2023,18:48,139.42,58.70,24.80,76.64,24.87,76.76
16/11/2023,18:49,146.59,58.60,24.70,76.46,24.76,76.56
16/11/2023,18:50,150.27,58.60,24.70,76.46,24.76,76.56
16/11/2023,18:51,157.84,58.50,24.80,76.64,24.86,76.75
16/11/2023,18:52,154.02,58.80,24.70,76.46,24.76,76.57
16/11/2023,18:53,154.02,58.80,24.70,76.46,24.76,76.57
16/11/2023,18:54,154.02,58.80,24.70,76.46,24.76,76.57
16/11/2023,18:55,150.27,58.80,24.70,76.46,24.76,76.57
16/11/2023,18:56,150.27,58.90,24.70,76.46,24.76,76.57
16/11/2023,18:57,150.27,58.90,24.70,76.46,24.76,76.57
16/11/2023,18:58,146.59,59.00,24.70,76.46,24.77,76.58
16/11/2023,18:59,154.02,59.00,24.70,76.46,24.77,76.58
16/11/2023,18:60,150.27,59.00,24.70,76.46,24.77,76.58
16/11/2023,19:00,142.97,59.00,24.70,76.46,24.77,76.58
16/11/2023,19:01,142.97,59.10,24.70,76.46,24.77,76.58
16/11/2023,19:02,146.59,59.10,24.70,76.46,24.77,76.58
16/11/2023,19:03,142.97,59.10,24.70,76.46,24.77,76.58
16/11/2023,19:04,142.97,59.10,24.70,76.46,24.77,76.58
16/11/2023,19:05,135.94,59.10,24.70,76.46,24.77,76.58
16/11/2023,19:06,135.94,59.20,24.70,76.46,24.77,76.59
16/11/2023,19:07,142.97,59.20,24.70,76.46,24.77,76.59
16/11/2023,19:08,139.42,59.20,24.70,76.46,24.77,76.59
16/11/2023,19:09,129.15,59.20,24.70,76.46,24.77,76.59
16/11/2023,19:10,122.62,59.30,24.70,76.46,24.77,76.59
16/11/2023,19:11,132.51,59.30,24.70,76.46,24.77,76.59
16/11/2023,19:12,132.51,59.30,24.70,76.46,24.77,76.59
16/11/2023,19:13,132.51,59.30,24.70,76.46,24.77,76.59
16/11/2023,19:14,125.86,59.40,24.70,76.46,24.78,76.60
16/11/2023,19:15,132.51,59.40,24.70,76.46,24.78,76.60
16/11/2023,19:16,132.51,59.40,24.70,76.46,24.78,76.60
16/11/2023,19:17,139.42,59.40,24.70,76.46,24.78,76.60
16/11/2023,19:18,139.42,59.40,24.70,76.46,24.78,76.60
16/11/2023,19:19,146.59,59.30,24.70,76.46,24.77,76.59
16/11/2023,19:20,161.72,59.40,24.70,76.46,24.78,76.60
16/11/2023,19:21,154.02,59.40,24.60,76.28,24.67,76.40
16/11/2023,19:22,157.84,59.70,24.70,76.46,24.78,76.61
16/11/2023,19:23,150.27,59.90,24.70,76.46,24.79,76.62
16/11/2023,19:24,150.27,59.90,24.70,76.46,24.79,76.62
16/11/2023,19:25,154.02,59.80,24.80,76.64,24.90,76.81
16/11/2023,19:26,150.27,60.20,24.80,76.64,24.91,76.83
16/11/2023,19:27,139.42,60.30,24.80,76.64,24.91,76.84
16/11/2023,19:28,142.97,60.30,24.70,76.46,24.80,76.64
16/11/2023,19:29,142.97,60.70,24.80,76.64,24.92,76.86
16/11/2023,19:30,157.84,60.30,24.80,76.64,24.91,76.84
16/11/2023,19:31,157.84,60.50,24.80,76.64,24.92,76.85
16/11/2023,19:32,157.84,60.80,24.80,76.64,24.92,76.86
16/11/2023,19:33,161.72,60.70,24.80,76.64,24.92,76.86
16/11/2023,19:34,157.84,61.10,24.80,76.64,24.93,76.88
16/11/2023,19:35,157.84,60.90,24.80,76.64,24.93,76.87
16/11/2023,19:36,150.27,61.20,24.80,76.64,24.93,76.88
16/11/2023,19:37,154.02,61.30,24.80,76.64,24.94,76.89
16/11/2023,19:38,165.68,61.40,24.80,76.64,24.94,76.89
16/11/2023,19:39,169.70,61.40,24.80,76.64,24.94,76.89
16/11/2023,19:40,154.02,61.50,24.80,76.64,24.94,76.89
16/11/2023,19:41,157.84,61.70,24.80,76.64,24.95,76.90
16/11/2023,19:42,139.42,61.60,24.70,76.46,24.83,76.70
16/11/2023,19:43,161.72,61.50,24.70,76.46,24.83,76.70
16/11/2023,19:44,169.70,62.10,24.70,76.46,24.85,76.72
16/11/2023,19:45,157.84,61.40,24.70,76.46,24.83,76.69
16/11/2023,19:46,177.97,61.20,24.70,76.46,24.82,76.68
16/11/2023,19:47,190.92,61.80,24.80,76.64,24.95,76.91
16/11/2023,19:48,186.53,61.40,24.80,76.64,24.94,76.89
16/11/2023,19:49,199.93,61.50,24.80,76.64,24.94,76.89
16/11/2023,19:50,182.21,61.50,24.80,76.64,24.94,76.89
16/11/2023,19:51,204.55,61.30,24.80,76.64,24.94,76.89
16/11/2023,19:52,244.41,61.30,24.80,76.64,24.94,76.89
16/11/2023,19:53,239.14,61.50,24.80,76.64,24.94,76.89
16/11/2023,19:54,233.95,61.60,24.80,76.64,24.94,76.90
16/11/2023,19:55,199.93,61.60,24.80,76.64,24.94,76.90
16/11/2023,19:56,209.25,61.80,24.80,76.64,24.95,76.91
16/11/2023,19:57,218.88,62.10,24.80,76.64,24.96,76.92
16/11/2023,19:58,177.97,62.20,24.80,76.64,24.96,76.93
16/11/2023,19:59,204.55,62.00,24.80,76.64,24.95,76.92
16/11/2023,19:60,161.72,61.90,24.80,76.64,24.95,76.91
16/11/2023,20:00,169.70,61.80,24.80,76.64,24.95,76.91
16/11/2023,20:01,214.02,62.00,24.80,76.64,24.95,76.92
16/11/2023,20:02,228.84,62.40,24.80,76.64,24.96,76.94
16/11/2023,20:03,177.97,62.20,24.80,76.64,24.96,76.93
16/11/2023,20:04,173.80,62.00,24.90,76.82,25.06,77.12
16/11/2023,20:05,169.70,61.90,24.80,76.64,24.95,76.91
16/11/2023,20:06,228.84,62.00,24.80,76.64,24.95,76.92
16/11/2023,20:07,233.95,62.10,24.80,76.64,24.96,76.92
16/11/2023,20:08,244.41,62.20,24.90,76.82,25.07,77.13
16/11/2023,20:09,249.77,62.00,24.90,76.82,25.06,77.12
16/11/2023,20:10,239.14,61.80,24.90,76.82,25.06,77.11
16/11/2023,20:11,260.75,62.00,24.80,76.64,24.95,76.92
16/11/2023,20:12,233.95,61.90,24.90,76.82,25.06,77.11
16/11/2023,20:13,190.92,61.90,24.90,76.82,25.06,77.11
16/11/2023,20:14,195.38,62.20,24.80,76.64,24.96,76.93
16/11/2023,20:15,190.92,62.00,24.80,76.64,24.95,76.92
16/11/2023,20:16,228.84,62.20,24.80,76.64,24.96,76.93
16/11/2023,20:17,195.38,62.70,24.90,76.82,25.08,77.15
16/11/2023,20:18,214.02,63.10,24.80,76.64,24.98,76.97
16/11/2023,20:19,228.84,62.90,24.80,76.64,24.98,76.96
16/11/2023,20:20,249.77,63.40,24.80,76.64,24.99,76.98
16/11/2023,20:21,277.89,63.30,24.90,76.82,25.10,77.18
16/11/2023,20:22,289.78,63.90,24.90,76.82,25.11,77.21
16/11/2023,20:23,199.93,63.50,24.90,76.82,25.10,77.19
16/11/2023,20:24,204.55,63.80,24.90,76.82,25.11,77.20
16/11/2023,20:25,186.53,63.80,24.90,76.82,25.11,77.20
16/11/2023,20:26,173.80,63.90,24.90,76.82,25.11,77.21
16/11/2023,20:27,173.80,64.50,24.90,76.82,25.13,77.23
16/11/2023,20:28,177.97,64.30,24.90,76.82,25.12,77.22
16/11/2023,20:29,199.93,64.60,24.90,76.82,25.13,77.24
16/11/2023,20:30,228.84,64.30,24.90,76.82,25.12,77.22
16/11/2023,20:31,223.82,64.30,24.90,76.82,25.12,77.22
16/11/2023,20:32,218.88,64.30,24.90,76.82,25.12,77.22
16/11/2023,20:33,277.89,64.40,24.90,76.82,25.13,77.23
16/11/2023,20:34,239.14,64.80,24.90,76.82,25.14,77.25
16/11/2023,20:35,214.02,64.70,24.80,76.64,25.02,77.04
16/11/2023,20:36,223.82,63.80,24.80,76.64,25.00,77.00
16/11/2023,20:37,173.80,64.30,24.80,76.64,25.01,77.03
16/11/2023,20:38,214.02,64.40,24.80,76.64,25.02,77.03
16/11/2023,20:39,209.25,64.70,24.80,76.64,25.02,77.04
16/11/2023,20:40,214.02,64.40,24.80,76.64,25.02,77.03
16/11/2023,20:41,255.22,64.90,24.80,76.64,25.03,77.05
16/11/2023,20:42,244.41,64.90,24.80,76.64,25.03,77.05
16/11/2023,20:43,218.88,64.90,24.80,76.64,25.03,77.05
16/11/2023,20:44,228.84,64.70,24.80,76.64,25.02,77.04
16/11/2023,20:45,218.88,64.80,24.80,76.64,25.03,77.05
16/11/2023,20:46,209.25,64.80,24.80,76.64,25.03,77.05
16/11/2023,20:47,214.02,64.50,24.80,76.64,25.02,77.04
16/11/2023,20:48,228.84,64.80,24.80,76.64,25.03,77.05
16/11/2023,20:49,228.84,64.20,24.80,76.64,25.01,77.02
16/11/2023,20:50,223.82,64.30,24.80,76.64,25.01,77.03
16/11/2023,20:51,209.25,64.10,24.80,76.64,25.01,77.02
16/11/2023,20:52,195.38,64.40,24.90,76.82,25.13,77.23
16/11/2023,20:53,209.25,64.30,24.80,76.64,25.01,77.03
16/11/2023,20:54,209.25,64.10,24.90,76.82,25.12,77.21
16/11/2023,20:55,239.14,64.00,24.90,76.82,25.12,77.21
16/11/2023,20:56,218.88,64.00,24.90,76.82,25.12,77.21
16/11/2023,20:57,214.02,64.00,24.90,76.82,25.12,77.21
16/11/2023,20:58,209.25,64.00,24.90,76.82,25.12,77.21
16/11/2023,20:59,209.25,64.10,24.90,76.82,25.12,77.21
16/11/2023,20:60,199.93,64.10,24.90,76.82,25.12,77.21
16/11/2023,21:00,209.25,64.90,24.90,76.82,25.14,77.25
16/11/2023,21:01,228.84,64.20,24.90,76.82,25.12,77.22
16/11/2023,21:02,209.25,64.50,24.90,76.82,25.13,77.23
16/11/2023,21:03,228.84,64.20,24.90,76.82,25.12,77.22
16/11/2023,21:04,218.88,63.80,24.90,76.82,25.11,77.20
16/11/2023,21:05,228.84,63.80,24.80,76.64,25.00,77.00
16/11/2023,21:06,266.37,63.70,24.80,76.64,25.00,77.00
16/11/2023,21:07,239.14,64.40,24.90,76.82,25.13,77.23
16/11/2023,21:08,244.41,64.00,24.80,76.64,25.01,77.01
16/11/2023,21:09,218.88,64.30,24.90,76.82,25.12,77.22
16/11/2023,21:10,218.88,64.40,24.90,76.82,25.13,77.23
16/11/2023,21:11,218.88,64.10,24.90,76.82,25.12,77.21
16/11/2023,21:12,204.55,63.70,24.90,76.82,25.11,77.20
16/11/2023,21:13,199.93,63.70,24.90,76.82,25.11,77.20
16/11/2023,21:14,204.55,63.80,24.90,76.82,25.11,77.20
16/11/2023,21:15,204.55,64.10,24.90,76.82,25.12,77.21
16/11/2023,21:16,209.25,63.70,24.90,76.82,25.11,77.20
16/11/2023,21:17,218.88,63.50,24.90,76.82,25.10,77.19
16/11/2023,21:18,233.95,63.70,24.90,76.82,25.11,77.20
16/11/2023,21:19,308.32,63.60,24.90,76.82,25.11,77.19
16/11/2023,21:20,239.14,63.60,24.90,76.82,25.11,77.19
16/11/2023,21:21,218.88,63.70,24.90,76.82,25.11,77.20
16/11/2023,21:22,233.95,63.60,24.90,76.82,25.11,77.19
16/11/2023,21:23,223.82,63.50,24.90,76.82,25.10,77.19
16/11/2023,21:24,223.82,63.10,24.90,76.82,25.09,77.17
16/11/2023,21:25,223.82,63.50,24.90,76.82,25.10,77.19
16/11/2023,21:26,228.84,63.10,24.90,76.82,25.09,77.17
16/11/2023,21:27,239.14,63.60,24.90,76.82,25.11,77.19
16/11/2023,21:28,223.82,63.70,24.90,76.82,25.11,77.20
16/11/2023,21:29,223.82,63.60,24.90,76.82,25.11,77.19
16/11/2023,21:30,218.88,63.40,24.90,76.82,25.10,77.18
16/11/2023,21:31,218.88,63.30,24.90,76.82,25.10,77.18
16/11/2023,21:32,209.25,63.30,24.90,76.82,25.10,77.18
16/11/2023,21:33,209.25,63.30,24.90,76.82,25.10,77.18
16/11/2023,21:34,209.25,63.40,24.90,76.82,25.10,77.18
16/11/2023,21:35,204.55,63.50,24.90,76.82,25.10,77.19
16/11/2023,21:36,204.55,63.50,24.90,76.82,25.10,77.19
16/11/2023,21:37,204.55,63.40,24.90,76.82,25.10,77.18
16/11/2023,21:38,218.88,63.20,24.90,76.82,25.10,77.17
16/11/2023,21:39,209.25,63.20,24.80,76.64,24.99,76.97
16/11/2023,21:40,209.25,63.20,24.90,76.82,25.10,77.17
16/11/2023,21:41,209.25,63.20,24.90,76.82,25.10,77.17
16/11/2023,21:42,182.21,63.40,24.90,76.82,25.10,77.18
16/11/2023,21:43,173.80,63.60,24.90,76.82,25.11,77.19
16/11/2023,21:44,182.21,63.40,24.90,76.82,25.10,77.18
16/11/2023,21:45,190.92,63.40,24.90,76.82,25.10,77.18
16/11/2023,21:46,182.21,63.40,24.90,76.82,25.10,77.18
16/11/2023,21:47,190.92,63.40,24.90,76.82,25.10,77.18
16/11/2023,21:48,177.97,63.50,24.90,76.82,25.10,77.19
16/11/2023,21:49,169.70,63.30,24.90,76.82,25.10,77.18
16/11/2023,21:50,165.68,63.30,24.90,76.82,25.10,77.18
16/11/2023,21:51,169.70,63.20,24.90,76.82,25.10,77.17
16/11/2023,21:52,150.27,63.30,24.90,76.82,25.10,77.18
16/11/2023,21:53,150.27,63.30,24.90,76.82,25.10,77.18
16/11/2023,21:54,146.59,63.30,24.90,76.82,25.10,77.18
16/11/2023,21:55,150.27,63.30,24.90,76.82,25.10,77.18
16/11/2023,21:56,150.27,63.30,24.90,76.82,25.10,77.18
16/11/2023,21:57,150.27,63.30,24.90,76.82,25.10,77.18
16/11/2023,21:58,146.59,63.20,24.90,76.82,25.10,77.17
16/11/2023,21:59,150.27,63.10,24.90,76.82,25.09,77.17
16/11/2023,21:60,150.27,63.00,24.90,76.82,25.09,77.16
16/11/2023,22:00,150.27,63.10,24.90,76.82,25.09,77.17
16/11/2023,22:01,150.27,63.20,24.90,76.82,25.10,77.17
16/11/2023,22:02,150.27,63.20,24.90,76.82,25.10,77.17
16/11/2023,22:03,150.27,63.20,24.90,76.82,25.10,77.17
16/11/2023,22:04,150.27,63.10,24.90,76.82,25.09,77.17
16/11/2023,22:05,150.27,63.30,24.90,76.82,25.10,77.18
16/11/2023,22:06,154.02,63.30,24.90,76.82,25.10,77.18
16/11/2023,22:07,165.68,63.10,24.80,76.64,24.98,76.97
16/11/2023,22:08,161.72,63.10,24.90,76.82,25.09,77.17
16/11/2023,22:09,169.70,63.10,24.80,76.64,24.98,76.97
16/11/2023,22:10,173.80,63.20,24.80,76.64,24.99,76.97
16/11/2023,22:11,165.68,63.30,24.90,76.82,25.10,77.18
16/11/2023,22:12,161.72,63.30,24.80,76.64,24.99,76.98
16/11/2023,22:13,165.68,63.30,24.90,76.82,25.10,77.18
16/11/2023,22:14,154.02,63.30,24.80,76.64,24.99,76.98
16/11/2023,22:15,150.27,63.20,24.80,76.64,24.99,76.97
16/11/2023,22:16,161.72,63.30,24.90,76.82,25.10,77.18
16/11/2023,22:17,157.84,63.30,24.80,76.64,24.99,76.98
16/11/2023,22:18,161.72,63.30,24.80,76.64,24.99,76.98
16/11/2023,22:19,165.68,63.10,24.90,76.82,25.09,77.17
16/11/2023,22:20,169.70,63.10,24.80,76.64,24.98,76.97
16/11/2023,22:21,157.84,63.20,24.80,76.64,24.99,76.97
16/11/2023,22:22,161.72,63.20,24.80,76.64,24.99,76.97
16/11/2023,22:23,161.72,63.20,24.80,76.64,24.99,76.97
16/11/2023,22:24,154.02,63.10,24.80,76.64,24.98,76.97
16/11/2023,22:25,157.84,63.10,24.80,76.64,24.98,76.97
16/11/2023,22:26,157.84,63.10,24.80,76.64,24.98,76.97
16/11/2023,22:27,161.72,63.00,24.80,76.64,24.98,76.96
16/11/2023,22:28,165.68,63.00,24.80,76.64,24.98,76.96
16/11/2023,22:29,161.72,63.00,24.80,76.64,24.98,76.96
16/11/2023,22:30,157.84,63.10,24.80,76.64,24.98,76.97
16/11/2023,22:31,157.84,63.20,24.80,76.64,24.99,76.97
16/11/2023,22:32,157.84,63.10,24.80,76.64,24.98,76.97
16/11/2023,22:33,154.02,63.10,24.80,76.64,24.98,76.97
16/11/2023,22:34,150.27,63.10,24.80,76.64,24.98,76.97
16/11/2023,22:35,157.84,63.00,24.90,76.82,25.09,77.16
16/11/2023,22:36,157.84,62.90,24.80,76.64,24.98,76.96
16/11/2023,22:37,157.84,62.90,24.80,76.64,24.98,76.96
16/11/2023,22:38,154.02,62.80,24.80,76.64,24.98,76.96
16/11/2023,22:39,154.02,62.80,24.80,76.64,24.98,76.96
16/11/2023,22:40,157.84,62.60,24.90,76.82,25.08,77.14
16/11/2023,22:41,154.02,62.50,25.00,77.00,25.19,77.34
16/11/2023,22:42,154.02,62.40,25.10,77.18,25.29,77.53
16/11/2023,22:43,154.02,62.40,25.20,77.36,25.40,77.73
16/11/2023,22:44,154.02,62.30,25.20,77.36,25.40,77.72
16/11/2023,22:45,154.02,62.30,25.20,77.36,25.40,77.72
16/11/2023,22:46,150.27,62.20,25.20,77.36,25.40,77.72
16/11/2023,22:47,150.27,62.20,25.20,77.36,25.40,77.72
16/11/2023,22:48,150.27,62.00,25.20,77.36,25.39,77.71
16/11/2023,22:49,154.02,61.80,25.20,77.36,25.39,77.70
16/11/2023,22:50,154.02,61.90,25.20,77.36,25.39,77.71
16/11/2023,22:51,154.02,62.00,25.20,77.36,25.39,77.71
16/11/2023,22:52,154.02,62.00,25.20,77.36,25.39,77.71
16/11/2023,22:53,150.27,62.00,25.20,77.36,25.39,77.71
16/11/2023,22:54,150.27,62.00,25.20,77.36,25.39,77.71
16/11/2023,22:55,150.27,62.00,25.20,77.36,25.39,77.71
16/11/2023,22:56,154.02,62.00,25.20,77.36,25.39,77.71
16/11/2023,22:57,150.27,61.90,25.20,77.36,25.39,77.71
16/11/2023,22:58,150.27,61.90,25.20,77.36,25.39,77.71
16/11/2023,22:59,154.02,61.90,25.20,77.36,25.39,77.71
16/11/2023,22:60,161.72,61.90,25.20,77.36,25.39,77.71
16/11/2023,23:00,135.94,61.90,25.20,77.36,25.39,77.71
16/11/2023,23:01,110.27,61.80,25.20,77.36,25.39,77.70
16/11/2023,23:02,98.85,59.90,25.20,77.36,25.34,77.61
16/11/2023,23:03,107.33,59.10,25.10,77.18,25.21,77.38
16/11/2023,23:04,113.27,58.80,25.10,77.18,25.20,77.36
16/11/2023,23:05,113.27,58.90,25.10,77.18,25.20,77.37
16/11/2023,23:06,113.27,58.70,25.10,77.18,25.20,77.36
16/11/2023,23:07,116.33,58.50,25.10,77.18,25.19,77.35
16/11/2023,23:08,119.44,58.90,25.20,77.36,25.31,77.56
16/11/2023,23:09,122.62,59.40,25.10,77.18,25.22,77.39
16/11/2023,23:10,132.51,59.30,25.10,77.18,25.21,77.39
16/11/2023,23:11,135.94,59.50,25.20,77.36,25.33,77.59
16/11/2023,23:12,142.97,59.60,25.10,77.18,25.22,77.40
16/11/2023,23:13,154.02,59.60,25.20,77.36,25.33,77.60
16/11/2023,23:14,173.80,59.60,25.20,77.36,25.33,77.60
16/11/2023,23:15,150.27,59.70,25.20,77.36,25.33,77.60
16/11/2023,23:16,135.94,59.80,25.20,77.36,25.34,77.61
16/11/2023,23:17,135.94,59.80,25.20,77.36,25.34,77.61
16/11/2023,23:18,146.59,59.80,25.20,77.36,25.34,77.61
16/11/2023,23:19,260.75,59.90,25.20,77.36,25.34,77.61
16/11/2023,23:20,260.75,59.90,25.20,77.36,25.34,77.61
16/11/2023,23:21,233.95,60.20,25.20,77.36,25.35,77.63
16/11/2023,23:22,190.92,60.20,25.20,77.36,25.35,77.63
16/11/2023,23:23,186.53,60.30,25.20,77.36,25.35,77.63
16/11/2023,23:24,204.55,60.30,25.20,77.36,25.35,77.63
16/11/2023,23:25,195.38,60.40,25.20,77.36,25.35,77.63
16/11/2023,23:26,195.38,60.30,25.20,77.36,25.35,77.63
16/11/2023,23:27,173.80,60.30,25.20,77.36,25.35,77.63
16/11/2023,23:28,182.21,60.30,25.20,77.36,25.35,77.63
16/11/2023,23:29,177.97,60.30,25.20,77.36,25.35,77.63
16/11/2023,23:30,195.38,60.40,25.20,77.36,25.35,77.63
16/11/2023,23:31,186.53,60.40,25.20,77.36,25.35,77.63
16/11/2023,23:32,186.53,60.40,25.20,77.36,25.35,77.63
16/11/2023,23:33,182.21,60.40,25.20,77.36,25.35,77.63
16/11/2023,23:34,218.88,60.40,25.20,77.36,25.35,77.63
16/11/2023,23:35,239.14,60.50,25.20,77.36,25.36,77.64
16/11/2023,23:36,209.25,60.50,25.20,77.36,25.36,77.64
16/11/2023,23:37,204.55,60.50,25.20,77.36,25.36,77.64
16/11/2023,23:38,209.25,60.50,25.20,77.36,25.36,77.64
16/11/2023,23:39,260.75,60.50,25.20,77.36,25.36,77.64
16/11/2023,23:40,260.75,60.50,25.20,77.36,25.36,77.64
16/11/2023,23:41,244.41,60.50,25.20,77.36,25.36,77.64
16/11/2023,23:42,239.14,60.50,25.20,77.36,25.36,77.64
16/11/2023,23:43,277.89,60.50,25.20,77.36,25.36,77.64
16/11/2023,23:44,249.77,60.50,25.20,77.36,25.36,77.64
16/11/2023,23:45,289.78,60.50,25.20,77.36,25.36,77.64
16/11/2023,23:46,295.87,60.50,25.20,77.36,25.36,77.64
16/11/2023,23:47,255.22,60.50,25.20,77.36,25.36,77.64
16/11/2023,23:48,249.77,60.60,25.20,77.36,25.36,77.64
16/11/2023,23:49,249.77,60.60,25.20,77.36,25.36,77.64
16/11/2023,23:50,255.22,60.70,25.20,77.36,25.36,77.65
16/11/2023,23:51,239.14,60.60,25.20,77.36,25.36,77.64
16/11/2023,23:52,249.77,60.70,25.20,77.36,25.36,77.65
16/11/2023,23:53,233.95,60.90,25.20,77.36,25.37,77.66
16/11/2023,23:54,272.09,60.90,25.20,77.36,25.37,77.66
16/11/2023,23:55,228.84,60.90,25.20,77.36,25.37,77.66
16/11/2023,23:56,223.82,60.90,25.20,77.36,25.37,77.66
16/11/2023,23:57,209.25,61.00,25.20,77.36,25.37,77.66
16/11/2023,23:58,199.93,61.00,25.20,77.36,25.37,77.66
16/11/2023,23:59,204.55,61.00,25.20,77.36,25.37,77.66
16/11/2023,23:60,214.02,61.00,25.20,77.36,25.37,77.66
16/11/2023,24:00,218.88,61.10,25.20,77.36,25.37,77.67
16/11/2023,24:01,218.88,61.10,25.20,77.36,25.37,77.67
16/11/2023,24:02,223.82,61.10,25.20,77.36,25.37,77.67
16/11/2023,24:03,260.75,61.10,25.20,77.36,25.37,77.67
16/11/2023,24:04,239.14,61.00,25.20,77.36,25.37,77.66
16/11/2023,24:05,277.89,61.10,25.20,77.36,25.37,77.67
16/11/2023,24:06,260.75,61.10,25.20,77.36,25.37,77.67
16/11/2023,24:07,260.75,61.10,25.20,77.36,25.37,77.67
16/11/2023,24:08,244.41,61.10,25.30,77.54,25.48,77.87
16/11/2023,24:09,214.02,61.20,25.20,77.36,25.37,77.67
16/11/2023,24:10,218.88,61.20,25.20,77.36,25.37,77.67
16/11/2023,24:11,209.25,61.20,25.20,77.36,25.37,77.67
16/11/2023,24:12,199.93,61.10,25.30,77.54,25.48,77.87
16/11/2023,24:13,223.82,61.00,25.30,77.54,25.48,77.86
16/11/2023,24:14,209.25,61.20,25.20,77.36,25.37,77.67
16/11/2023,24:15,244.41,61.10,25.20,77.36,25.37,77.67
16/11/2023,24:16,228.84,61.20,25.20,77.36,25.37,77.67
16/11/2023,24:17,228.84,61.20,25.20,77.36,25.37,77.67
16/11/2023,24:18,277.89,61.30,25.20,77.36,25.38,77.68
16/11/2023,24:19,283.79,61.20,25.20,77.36,25.37,77.67
16/11/2023,24:20,289.78,61.20,25.20,77.36,25.37,77.67
16/11/2023,24:21,289.78,61.20,25.20,77.36,25.37,77.67
16/11/2023,24:22,283.79,61.20,25.20,77.36,25.37,77.67
16/11/2023,24:23,239.14,61.00,25.30,77.54,25.48,77.86
16/11/2023,24:24,239.14,60.90,25.20,77.36,25.37,77.66
16/11/2023,24:25,233.95,61.00,25.20,77.36,25.37,77.66
16/11/2023,24:26,244.41,60.90,25.30,77.54,25.48,77.86
16/11/2023,24:27,233.95,60.80,25.30,77.54,25.47,77.85
16/11/2023,24:28,223.82,60.80,25.30,77.54,25.47,77.85
16/11/2023,24:29,289.78,60.80,25.20,77.36,25.36,77.65
16/11/2023,24:30,302.05,60.70,25.20,77.36,25.36,77.65
16/11/2023,24:31,295.87,60.60,25.30,77.54,25.47,77.84
16/11/2023,24:32,289.78,60.50,25.30,77.54,25.47,77.84
16/11/2023,24:33,255.22,60.60,25.20,77.36,25.36,77.64
16/11/2023,24:34,223.82,60.60,25.20,77.36,25.36,77.64
16/11/2023,24:35,218.88,60.60,25.20,77.36,25.36,77.64
16/11/2023,24:36,204.55,60.60,25.20,77.36,25.36,77.64
16/11/2023,24:37,218.88,60.10,25.30,77.54,25.45,77.82
16/11/2023,24:38,244.41,60.10,25.20,77.36,25.34,77.62
16/11/2023,24:39,239.14,60.40,25.30,77.54,25.46,77.83
16/11/2023,24:40,249.77,60.60,25.20,77.36,25.36,77.64
16/11/2023,24:41,239.14,60.60,25.30,77.54,25.47,77.84
16/11/2023,24:42,244.41,60.70,25.20,77.36,25.36,77.65
16/11/2023,24:43,244.41,60.80,25.20,77.36,25.36,77.65
16/11/2023,24:44,277.89,60.70,25.20,77.36,25.36,77.65
16/11/2023,24:45,255.22,60.80,25.20,77.36,25.36,77.65
16/11/2023,24:46,289.78,60.80,25.20,77.36,25.36,77.65
16/11/2023,24:47,255.22,60.80,25.20,77.36,25.36,77.65
16/11/2023,24:48,249.77,60.70,25.20,77.36,25.36,77.65
16/11/2023,24:49,255.22,60.90,25.20,77.36,25.37,77.66
16/11/2023,24:50,266.37,60.70,25.20,77.36,25.36,77.65
16/11/2023,24:51,244.41,60.90,25.20,77.36,25.37,77.66
16/11/2023,24:52,228.84,60.70,25.30,77.54,25.47,77.85
16/11/2023,24:53,272.09,60.70,25.20,77.36,25.36,77.65
16/11/2023,24:54,260.75,60.70,25.30,77.54,25.47,77.85
16/11/2023,24:55,255.22,60.80,25.20,77.36,25.36,77.65
16/11/2023,24:56,260.75,60.80,25.20,77.36,25.36,77.65
16/11/2023,24:57,272.09,60.70,25.30,77.54,25.47,77.85
16/11/2023,24:58,277.89,60.90,25.20,77.36,25.37,77.66
16/11/2023,24:59,272.09,61.00,25.20,77.36,25.37,77.66
16/11/2023,24:60,283.79,61.10,25.20,77.36,25.37,77.67
16/11/2023,25:00,266.37,61.20,25.20,77.36,25.37,77.67
16/11/2023,25:01,277.89,61.10,25.20,77.36,25.37,77.67
16/11/2023,25:02,277.89,60.90,25.30,77.54,25.48,77.86
16/11/2023,25:03,277.89,60.90,25.30,77.54,25.48,77.86
16/11/2023,25:04,277.89,60.90,25.30,77.54,25.48,77.86
16/11/2023,25:05,295.87,60.80,25.30,77.54,25.47,77.85
16/11/2023,25:06,327.74,60.80,25.30,77.54,25.47,77.85
16/11/2023,25:07,302.05,60.90,25.20,77.36,25.37,77.66
16/11/2023,25:08,348.07,60.80,25.30,77.54,25.47,77.85
16/11/2023,25:09,277.89,60.90,25.20,77.36,25.37,77.66
16/11/2023,25:10,302.05,60.80,25.30,77.54,25.47,77.85
16/11/2023,25:11,327.74,60.80,25.20,77.36,25.36,77.65
16/11/2023,25:12,302.05,60.80,25.20,77.36,25.36,77.65
16/11/2023,25:13,308.32,60.80,25.20,77.36,25.36,77.65
16/11/2023,25:14,283.79,60.80,25.20,77.36,25.36,77.65
16/11/2023,25:15,314.70,60.80,25.20,77.36,25.36,77.65
16/11/2023,25:16,283.79,60.80,25.20,77.36,25.36,77.65
16/11/2023,25:17,289.78,60.70,25.20,77.36,25.36,77.65
16/11/2023,25:18,277.89,60.70,25.20,77.36,25.36,77.65
16/11/2023,25:19,277.89,60.70,25.20,77.36,25.36,77.65
16/11/2023,25:20,266.37,60.70,25.20,77.36,25.36,77.65
16/11/2023,25:21,289.78,60.70,25.20,77.36,25.36,77.65
16/11/2023,25:22,266.37,60.60,25.20,77.36,25.36,77.64
16/11/2023,25:23,260.75,60.60,25.20,77.36,25.36,77.64
16/11/2023,25:24,266.37,60.60,25.20,77.36,25.36,77.64
16/11/2023,25:25,289.78,60.60,25.20,77.36,25.36,77.64
16/11/2023,25:26,277.89,60.60,25.20,77.36,25.36,77.64
16/11/2023,25:27,277.89,60.60,25.20,77.36,25.36,77.64
16/11/2023,25:28,302.05,60.50,25.20,77.36,25.36,77.64
